Bank Name,City,State,Cert,Acquiring Institution,Closing Date,Fund,State_full_name,State_standard,Country
Almena State Bank,Almena,KS,15426,Equity Bank,2020-10-23,10538,Kansas,Kan.,United States
First City Bank of Florida,Fort Walton Beach,FL,16748,"United Fidelity Bank, fsb",2020-10-16,10537,Florida,Fla.,United States
The First State Bank,Barboursville,WV,14361,"MVB Bank, Inc.",2020-04-03,10536,West Virginia,W.Va.,United States
Ericson State Bank,Ericson,NE,18265,Farmers and Merchants Bank,2020-02-14,10535,Nebraska,Neb.,United States
City National Bank of New Jersey,Newark,NJ,21111,Industrial Bank,2019-11-01,10534,New Jersey,N.J.,United States
Resolute Bank,Maumee,OH,58317,Buckeye State Bank,2019-10-25,10533,Ohio,Ohio,United States
Louisa Community Bank,Louisa,KY,58112,Kentucky Farmers Bank Corporation,2019-10-25,10532,Kentucky,Ky.,United States
The Enloe State Bank,Cooper,TX,10716,"Legend Bank, N. A.",2019-05-31,10531,Texas,Texas,United States
Washington Federal Bank for Savings,Chicago,IL,30570,Royal Savings Bank,2017-12-15,10530,Illinois,Ill.,United States
The Farmers and Merchants State Bank of Argonia,Argonia,KS,17719,Conway Bank,2017-10-13,10529,Kansas,Kan.,United States
Fayette County Bank,Saint Elmo,IL,1802,"United Fidelity Bank, fsb",2017-05-26,10528,Illinois,Ill.,United States
"Guaranty Bank, (d/b/a BestBank in Georgia & Michigan)",Milwaukee,WI,30003,First-Citizens Bank & Trust Company,2017-05-05,10527,Wisconsin,Wis.,United States
First NBC Bank,New Orleans,LA,58302,Whitney Bank,2017-04-28,10526,Louisiana,La.,United States
Proficio Bank,Cottonwood Heights,UT,35495,Cache Valley Bank,2017-03-03,10525,Utah,Utah,United States
Seaway Bank and Trust Company,Chicago,IL,19328,State Bank of Texas,2017-01-27,10524,Illinois,Ill.,United States
Harvest Community Bank,Pennsville,NJ,34951,First-Citizens Bank & Trust Company,2017-01-13,10523,New Jersey,N.J.,United States
Allied Bank,Mulberry,AR,91,Today's Bank,2016-09-23,10522,Arkansas,Ark.,United States
The Woodbury Banking Company,Woodbury,GA,11297,United Bank,2016-08-19,10521,Georgia,Ga.,United States
First CornerStone Bank,King of Prussia,PA,35312,First-Citizens Bank & Trust Company,2016-05-06,10520,Pennsylvania,Pa.,United States
Trust Company Bank,Memphis,TN,9956,The Bank of Fayette County,2016-04-29,10519,Tennessee,Tenn.,United States
North Milwaukee State Bank,Milwaukee,WI,20364,First-Citizens Bank & Trust Company,2016-03-11,10518,Wisconsin,Wis.,United States
Hometown National Bank,Longview,WA,35156,Twin City Bank,2015-10-02,10517,Washington,Wash.,United States
The Bank of Georgia,Peachtree City,GA,35259,Fidelity Bank,2015-10-02,10516,Georgia,Ga.,United States
Premier Bank,Denver,CO,34112,"United Fidelity Bank, fsb",2015-07-10,10515,Colorado,Colo.,United States
Edgebrook Bank,Chicago,IL,57772,Republic Bank of Chicago,2015-05-08,10514,Illinois,Ill.,United States
Doral Bank,San Juan,PR,32102,Banco Popular de Puerto Rico,2015-02-27,10513,Puerto Rico,P.R.,United States
Capitol City Bank & Trust Company,Atlanta,GA,33938,First-Citizens Bank & Trust Company,2015-02-13,10512,Georgia,Ga.,United States
Highland Community Bank,Chicago,IL,20290,"United Fidelity Bank, fsb",2015-01-23,10511,Illinois,Ill.,United States
First National Bank of Crestview,Crestview,FL,17557,First NBC Bank,2015-01-16,10510,Florida,Fla.,United States
Northern Star Bank,Mankato,MN,34983,BankVista,2014-12-19,10509,Minnesota,Minn.,United States
"Frontier Bank, FSB D/B/A El Paseo Bank",Palm Desert,CA,34738,"Bank of Southern California, N.A.",2014-11-07,10508,California,Calif.,United States
The National Republic Bank of Chicago,Chicago,IL,916,State Bank of Texas,2014-10-24,10507,Illinois,Ill.,United States
NBRS Financial,Rising Sun,MD,4862,Howard Bank,2014-10-17,10506,Maryland,Md.,United States
"GreenChoice Bank, fsb",Chicago,IL,28462,"Providence Bank, LLC",2014-07-25,10505,Illinois,Ill.,United States
Eastside Commercial Bank,Conyers,GA,58125,Community & Southern Bank,2014-07-18,10504,Georgia,Ga.,United States
The Freedom State Bank,Freedom,OK,12483,Alva State Bank & Trust Company,2014-06-27,10503,Oklahoma,Okla.,United States
Valley Bank,Fort Lauderdale,FL,21793,"Landmark Bank, National Association",2014-06-20,10501,Florida,Fla.,United States
Valley Bank,Moline,IL,10450,Great Southern Bank,2014-06-20,10502,Illinois,Ill.,United States
Slavie Federal Savings Bank,Bel Air,MD,32368,"Bay Bank, FSB",2014-05-30,10500,Maryland,Md.,United States
Columbia Savings Bank,Cincinnati,OH,32284,"United Fidelity Bank, fsb",2014-05-23,10499,Ohio,Ohio,United States
AztecAmerica Bank,Berwyn,IL,57866,Republic Bank of Chicago,2014-05-16,10498,Illinois,Ill.,United States
Allendale County Bank,Fairfax,SC,15062,Palmetto State Bank,2014-04-25,10497,South Carolina,S.C.,United States
Vantage Point Bank,Horsham,PA,58531,First Choice Bank,2014-02-28,10496,Pennsylvania,Pa.,United States
"Millennium Bank, National Association",Sterling,VA,35096,WashingtonFirst Bank,2014-02-28,10495,Virginia,Va.,United States
Syringa Bank,Boise,ID,34296,Sunwest Bank,2014-01-31,10494,Idaho,Idaho,United States
The Bank of Union,El Reno,OK,17967,BancFirst,2014-01-24,10493,Oklahoma,Okla.,United States
DuPage National Bank,West Chicago,IL,5732,Republic Bank of Chicago,2014-01-17,10492,Illinois,Ill.,United States
"Texas Community Bank, National Association",The Woodlands,TX,57431,"Spirit of Texas Bank, SSB",2013-12-13,10491,Texas,Texas,United States
Bank of Jackson County,Graceville,FL,14794,First Federal Bank of Florida,2013-10-30,10490,Florida,Fla.,United States
First National Bank also operating as The National Bank of El Paso,Edinburg,TX,14318,PlainsCapital Bank,2013-09-13,10488,Texas,Texas,United States
The Community's Bank,Bridgeport,CT,57041,No Acquirer,2013-09-13,10489,Connecticut,Conn.,United States
Sunrise Bank of Arizona,Phoenix,AZ,34707,"First Fidelity Bank, National Association",2013-08-23,10487,Arizona,Ariz.,United States
Community South Bank,Parsons,TN,19849,"CB&S Bank, Inc.",2013-08-23,10486,Tennessee,Tenn.,United States
Bank of Wausau,Wausau,WI,35016,Nicolet National Bank,2013-08-09,10485,Wisconsin,Wis.,United States
First Community Bank of Southwest Florida (also operating as Community Bank of Cape Coral),Fort Myers,FL,34943,C1 Bank,2013-08-02,10484,Florida,Fla.,United States
Mountain National Bank,Sevierville,TN,34789,"First Tennessee Bank, National Association",2013-06-07,10483,Tennessee,Tenn.,United States
1st Commerce Bank,North Las Vegas,NV,58358,Plaza Bank,2013-06-06,10482,Nevada,Nev.,United States
Banks of Wisconsin d/b/a Bank of Kenosha,Kenosha,WI,35386,"North Shore Bank, FSB",2013-05-31,10478,Wisconsin,Wis.,United States
Central Arizona Bank,Scottsdale,AZ,34527,Western State Bank,2013-05-14,10479,Arizona,Ariz.,United States
Sunrise Bank,Valdosta,GA,58185,Synovus Bank,2013-05-10,10481,Georgia,Ga.,United States
Pisgah Community Bank,Asheville,NC,58701,"Capital Bank, N.A.",2013-05-10,10480,North Carolina,N.C.,United States
Douglas County Bank,Douglasville,GA,21649,Hamilton State Bank,2013-04-26,10476,Georgia,Ga.,United States
Parkway Bank,Lenoir,NC,57158,"CertusBank, National Association",2013-04-26,10477,North Carolina,N.C.,United States
Chipola Community Bank,Marianna,FL,58034,First Federal Bank of Florida,2013-04-19,10473,Florida,Fla.,United States
Heritage Bank of North Florida,Orange Park,FL,26680,FirstAtlantic Bank,2013-04-19,10475,Florida,Fla.,United States
First Federal Bank,Lexington,KY,29594,Your Community Bank,2013-04-19,10474,Kentucky,Ky.,United States
Gold Canyon Bank,Gold Canyon,AZ,58066,"First Scottsdale Bank, National Association",2013-04-05,10472,Arizona,Ariz.,United States
Frontier Bank,LaGrange,GA,16431,HeritageBank of the South,2013-03-08,10471,Georgia,Ga.,United States
Covenant Bank,Chicago,IL,22476,Liberty Bank and Trust Company,2013-02-15,10470,Illinois,Ill.,United States
1st Regents Bank,Andover,MN,57157,First Minnesota Bank,2013-01-18,10469,Minnesota,Minn.,United States
Westside Community Bank,University Place,WA,33997,Sunwest Bank,2013-01-11,10468,Washington,Wash.,United States
Community Bank of the Ozarks,Sunrise Beach,MO,27331,Bank of Sullivan,2012-12-14,10467,Missouri,Mo.,United States
Hometown Community Bank,Braselton,GA,57928,"CertusBank, National Association",2012-11-16,10466,Georgia,Ga.,United States
Citizens First National Bank,Princeton,IL,3731,Heartland Bank and Trust Company,2012-11-02,10464,Illinois,Ill.,United States
Heritage Bank of Florida,Lutz,FL,35009,Centennial Bank,2012-11-02,10465,Florida,Fla.,United States
NOVA Bank,Berwyn,PA,27148,No Acquirer,2012-10-26,10463,Pennsylvania,Pa.,United States
Excel Bank,Sedalia,MO,19189,Simmons First National Bank,2012-10-19,10460,Missouri,Mo.,United States
First East Side Savings Bank,Tamarac,FL,28144,Stearns Bank N.A.,2012-10-19,10461,Florida,Fla.,United States
GulfSouth Private Bank,Destin,FL,58073,SmartBank,2012-10-19,10462,Florida,Fla.,United States
First United Bank,Crete,IL,20685,"Old Plank Trail Community Bank, National Association",2012-09-28,10459,Illinois,Ill.,United States
Truman Bank,St. Louis,MO,27316,Simmons First National Bank,2012-09-14,10458,Missouri,Mo.,United States
First Commercial Bank,Bloomington,MN,35246,Republic Bank & Trust Company,2012-09-07,10457,Minnesota,Minn.,United States
Waukegan Savings Bank,Waukegan,IL,28243,First Midwest Bank,2012-08-03,10456,Illinois,Ill.,United States
Jasper Banking Company,Jasper,GA,16240,Stearns Bank N.A.,2012-07-27,10455,Georgia,Ga.,United States
Second Federal Savings and Loan Association of Chicago,Chicago,IL,27986,Hinsdale Bank & Trust Company,2012-07-20,10453,Illinois,Ill.,United States
Heartland Bank,Leawood,KS,1361,Metcalf Bank,2012-07-20,10452,Kansas,Kan.,United States
First Cherokee State Bank,Woodstock,GA,32711,Community & Southern Bank,2012-07-20,10450,Georgia,Ga.,United States
Georgia Trust Bank,Buford,GA,57847,Community & Southern Bank,2012-07-20,10451,Georgia,Ga.,United States
The Royal Palm Bank of Florida,Naples,FL,57096,First National Bank of the Gulf Coast,2012-07-20,10454,Florida,Fla.,United States
Glasgow Savings Bank,Glasgow,MO,1056,Regional Missouri Bank,2012-07-13,10449,Missouri,Mo.,United States
Montgomery Bank & Trust,Ailey,GA,19498,Ameris Bank,2012-07-06,10448,Georgia,Ga.,United States
The Farmers Bank of Lynchburg,Lynchburg,TN,1690,Clayton Bank and Trust,2012-06-15,10447,Tennessee,Tenn.,United States
Security Exchange Bank,Marietta,GA,35299,Fidelity Bank,2012-06-15,10446,Georgia,Ga.,United States
Putnam State Bank,Palatka,FL,27405,Harbor Community Bank,2012-06-15,10445,Florida,Fla.,United States
Waccamaw Bank,Whiteville,NC,34515,First Community Bank,2012-06-08,10444,North Carolina,N.C.,United States
Farmers' and Traders' State Bank,Shabbona,IL,9257,First State Bank,2012-06-08,10442,Illinois,Ill.,United States
Carolina Federal Savings Bank,Charleston,SC,35372,Bank of North Carolina,2012-06-08,10441,South Carolina,S.C.,United States
First Capital Bank,Kingfisher,OK,416,F & M Bank,2012-06-08,10443,Oklahoma,Okla.,United States
"Alabama Trust Bank, National Association",Sylacauga,AL,35224,Southern States Bank,2012-05-18,10440,Alabama,Ala.,United States
"Security Bank, National Association",North Lauderdale,FL,23156,Banesco USA,2012-05-04,10439,Florida,Fla.,United States
Palm Desert National Bank,Palm Desert,CA,23632,Pacific Premier Bank,2012-04-27,10437,California,Calif.,United States
Plantation Federal Bank,Pawleys Island,SC,32503,First Federal Bank,2012-04-27,10438,South Carolina,S.C.,United States
"Inter Savings Bank, fsb D/B/A InterBank, fsb",Maple Grove,MN,31495,Great Southern Bank,2012-04-27,10436,Minnesota,Minn.,United States
HarVest Bank of Maryland,Gaithersburg,MD,57766,Sonabank,2012-04-27,10435,Maryland,Md.,United States
Bank of the Eastern Shore,Cambridge,MD,26759,No Acquirer,2012-04-27,10434,Maryland,Md.,United States
"Fort Lee Federal Savings Bank, FSB",Fort Lee,NJ,35527,Alma Bank,2012-04-20,10433,New Jersey,N.J.,United States
Fidelity Bank,Dearborn,MI,33883,The Huntington National Bank,2012-03-30,10432,Michigan,Mich.,United States
Premier Bank,Wilmette,IL,35419,International Bank of Chicago,2012-03-23,10431,Illinois,Ill.,United States
Covenant Bank & Trust,Rock Spring,GA,58068,"Stearns Bank, N.A.",2012-03-23,10430,Georgia,Ga.,United States
New City Bank,Chicago,IL,57597,No Acquirer,2012-03-09,10429,Illinois,Ill.,United States
Global Commerce Bank,Doraville,GA,34046,Metro City Bank,2012-03-02,10428,Georgia,Ga.,United States
Home Savings of America,Little Falls,MN,29178,No Acquirer,2012-02-24,10427,Minnesota,Minn.,United States
Central Bank of Georgia,Ellaville,GA,5687,Ameris Bank,2012-02-24,10426,Georgia,Ga.,United States
SCB Bank,Shelbyville,IN,29761,"First Merchants Bank, National Association",2012-02-10,10425,Indiana,Ind.,United States
Charter National Bank and Trust,Hoffman Estates,IL,23187,"Barrington Bank & Trust Company, National Association",2012-02-10,10424,Illinois,Ill.,United States
BankEast,Knoxville,TN,19869,"U.S. Bank, N.A.",2012-01-27,10420,Tennessee,Tenn.,United States
Patriot Bank Minnesota,Forest Lake,MN,34823,First Resource Bank,2012-01-27,10422,Minnesota,Minn.,United States
Tennessee Commerce Bank,Franklin,TN,35296,Republic Bank & Trust Company,2012-01-27,10423,Tennessee,Tenn.,United States
First Guaranty Bank and Trust Company of Jacksonville,Jacksonville,FL,16579,"CenterState Bank of Florida, N.A.",2012-01-27,10421,Florida,Fla.,United States
American Eagle Savings Bank,Boothwyn,PA,31581,"Capital Bank, N.A.",2012-01-20,10417,Pennsylvania,Pa.,United States
The First State Bank,Stockbridge,GA,19252,Hamilton State Bank,2012-01-20,10419,Georgia,Ga.,United States
Central Florida State Bank,Belleview,FL,57186,"CenterState Bank of Florida, N.A.",2012-01-20,10418,Florida,Fla.,United States
Western National Bank,Phoenix,AZ,57917,Washington Federal,2011-12-16,10416,Arizona,Ariz.,United States
Premier Community Bank of the Emerald Coast,Crestview,FL,58343,Summit Bank,2011-12-16,10415,Florida,Fla.,United States
Central Progressive Bank,Lacombe,LA,19657,First NBC Bank,2011-11-18,10413,Louisiana,La.,United States
Polk County Bank,Johnston,IA,14194,Grinnell State Bank,2011-11-18,10414,Iowa,Iowa,United States
Community Bank of Rockmart,Rockmart,GA,57860,Century Bank of Georgia,2011-11-10,10412,Georgia,Ga.,United States
SunFirst Bank,Saint George,UT,57087,Cache Valley Bank,2011-11-04,10411,Utah,Utah,United States
"Mid City Bank, Inc.",Omaha,NE,19397,Premier Bank,2011-11-04,10410,Nebraska,Neb.,United States
All American Bank,Des Plaines,IL,57759,International Bank of Chicago,2011-10-28,10409,Illinois,Ill.,United States
Community Banks of Colorado,Greenwood Village,CO,21132,"Bank Midwest, N.A.",2011-10-21,10405,Colorado,Colo.,United States
Community Capital Bank,Jonesboro,GA,57036,State Bank and Trust Company,2011-10-21,10406,Georgia,Ga.,United States
Decatur First Bank,Decatur,GA,34392,Fidelity Bank,2011-10-21,10407,Georgia,Ga.,United States
Old Harbor Bank,Clearwater,FL,57537,1st United Bank,2011-10-21,10408,Florida,Fla.,United States
Country Bank,Aledo,IL,35395,Blackhawk Bank & Trust,2011-10-14,10402,Illinois,Ill.,United States
First State Bank,Cranford,NJ,58046,Northfield Bank,2011-10-14,10403,New Jersey,N.J.,United States
"Blue Ridge Savings Bank, Inc.",Asheville,NC,32347,Bank of North Carolina,2011-10-14,10401,North Carolina,N.C.,United States
Piedmont Community Bank,Gray,GA,57256,State Bank and Trust Company,2011-10-14,10404,Georgia,Ga.,United States
Sun Security Bank,Ellington,MO,20115,Great Southern Bank,2011-10-07,10400,Missouri,Mo.,United States
The RiverBank,Wyoming,MN,10216,Central Bank,2011-10-07,10399,Minnesota,Minn.,United States
First International Bank,Plano,TX,33513,American First National Bank,2011-09-30,10398,Texas,Texas,United States
Citizens Bank of Northern California,Nevada City,CA,33983,Tri Counties Bank,2011-09-23,10397,California,Calif.,United States
Bank of the Commonwealth,Norfolk,VA,20408,Southern Bank and Trust Company,2011-09-23,10396,Virginia,Va.,United States
The First National Bank of Florida,Milton,FL,25155,CharterBank,2011-09-09,10395,Florida,Fla.,United States
CreekSide Bank,Woodstock,GA,58226,Georgia Commerce Bank,2011-09-02,10393,Georgia,Ga.,United States
Patriot Bank of Georgia,Cumming,GA,58273,Georgia Commerce Bank,2011-09-02,10394,Georgia,Ga.,United States
First Choice Bank,Geneva,IL,57212,Inland Bank & Trust,2011-08-19,10390,Illinois,Ill.,United States
First Southern National Bank,Statesboro,GA,57239,Heritage Bank of the South,2011-08-19,10391,Georgia,Ga.,United States
Lydian Private Bank,Palm Beach,FL,35356,"Sabadell United Bank, N.A.",2011-08-19,10392,Florida,Fla.,United States
Public Savings Bank,Huntingdon Valley,PA,34130,"Capital Bank, N.A.",2011-08-18,10389,Pennsylvania,Pa.,United States
The First National Bank of Olathe,Olathe,KS,4744,Enterprise Bank & Trust,2011-08-12,10388,Kansas,Kan.,United States
Bank of Whitman,Colfax,WA,22528,Columbia State Bank,2011-08-05,10387,Washington,Wash.,United States
Bank of Shorewood,Shorewood,IL,22637,Heartland Bank and Trust Company,2011-08-05,10386,Illinois,Ill.,United States
Integra Bank National Association,Evansville,IN,4392,Old National Bank,2011-07-29,10384,Indiana,Ind.,United States
"BankMeridian, N.A.",Columbia,SC,58222,SCBT National Association,2011-07-29,10383,South Carolina,S.C.,United States
Virginia Business Bank,Richmond,VA,58283,Xenith Bank,2011-07-29,10385,Virginia,Va.,United States
Bank of Choice,Greeley,CO,2994,"Bank Midwest, N.A.",2011-07-22,10380,Colorado,Colo.,United States
LandMark Bank of Florida,Sarasota,FL,35244,American Momentum Bank,2011-07-22,10381,Florida,Fla.,United States
Southshore Community Bank,Apollo Beach,FL,58056,American Momentum Bank,2011-07-22,10382,Florida,Fla.,United States
Summit Bank,Prescott,AZ,57442,The Foothills Bank,2011-07-15,10379,Arizona,Ariz.,United States
First Peoples Bank,Port St. Lucie,FL,34870,"Premier American Bank, N.A.",2011-07-15,10376,Florida,Fla.,United States
High Trust Bank,Stockbridge,GA,19554,Ameris Bank,2011-07-15,10377,Georgia,Ga.,United States
One Georgia Bank,Atlanta,GA,58238,Ameris Bank,2011-07-15,10378,Georgia,Ga.,United States
Signature Bank,Windsor,CO,57835,Points West Community Bank,2011-07-08,10375,Colorado,Colo.,United States
Colorado Capital Bank,Castle Rock,CO,34522,First-Citizens Bank & Trust Company,2011-07-08,10373,Colorado,Colo.,United States
First Chicago Bank & Trust,Chicago,IL,27935,Northbrook Bank & Trust Company,2011-07-08,10374,Illinois,Ill.,United States
Mountain Heritage Bank,Clayton,GA,57593,First American Bank and Trust Company,2011-06-24,10372,Georgia,Ga.,United States
First Commercial Bank of Tampa Bay,Tampa,FL,27583,Stonegate Bank,2011-06-17,10370,Florida,Fla.,United States
McIntosh State Bank,Jackson,GA,19237,Hamilton State Bank,2011-06-17,10371,Georgia,Ga.,United States
Atlantic Bank and Trust,Charleston,SC,58420,"First Citizens Bank and Trust Company, Inc.",2011-06-03,10369,South Carolina,S.C.,United States
First Heritage Bank,Snohomish,WA,23626,Columbia State Bank,2011-05-27,10368,Washington,Wash.,United States
Summit Bank,Burlington,WA,513,Columbia State Bank,2011-05-20,10367,Washington,Wash.,United States
First Georgia Banking Company,Franklin,GA,57647,"CertusBank, National Association",2011-05-20,10366,Georgia,Ga.,United States
Atlantic Southern Bank,Macon,GA,57213,"CertusBank, National Association",2011-05-20,10365,Georgia,Ga.,United States
Coastal Bank,Cocoa Beach,FL,34898,"Florida Community Bank, a division of Premier American Bank, N.A.",2011-05-06,10364,Florida,Fla.,United States
Community Central Bank,Mount Clemens,MI,34234,Talmer Bank & Trust,2011-04-29,10359,Michigan,Mich.,United States
The Park Avenue Bank,Valdosta,GA,19797,Bank of the Ozarks,2011-04-29,10363,Georgia,Ga.,United States
First Choice Community Bank,Dallas,GA,58539,Bank of the Ozarks,2011-04-29,10361,Georgia,Ga.,United States
Cortez Community Bank,Brooksville,FL,57625,"Florida Community Bank, a division of Premier American Bank, N.A.",2011-04-29,10360,Florida,Fla.,United States
First National Bank of Central Florida,Winter Park,FL,26297,"Florida Community Bank, a division of Premier American Bank, N.A.",2011-04-29,10362,Florida,Fla.,United States
Heritage Banking Group,Carthage,MS,14273,Trustmark National Bank,2011-04-15,10354,Mississippi,Miss.,United States
Rosemount National Bank,Rosemount,MN,24099,Central Bank,2011-04-15,10357,Minnesota,Minn.,United States
Superior Bank,Birmingham,AL,17750,"Superior Bank, National Association",2011-04-15,10358,Alabama,Ala.,United States
Nexity Bank,Birmingham,AL,19794,AloStar Bank of Commerce,2011-04-15,10356,Alabama,Ala.,United States
New Horizons Bank,East Ellijay,GA,57705,Citizens South Bank,2011-04-15,10355,Georgia,Ga.,United States
Bartow County Bank,Cartersville,GA,21495,Hamilton State Bank,2011-04-15,10353,Georgia,Ga.,United States
Nevada Commerce Bank,Las Vegas,NV,35418,City National Bank,2011-04-08,10351,Nevada,Nev.,United States
Western Springs National Bank and Trust,Western Springs,IL,10086,Heartland Bank and Trust Company,2011-04-08,10352,Illinois,Ill.,United States
The Bank of Commerce,Wood Dale,IL,34292,Advantage National Bank Group,2011-03-25,10350,Illinois,Ill.,United States
Legacy Bank,Milwaukee,WI,34818,Seaway Bank and Trust Company,2011-03-11,10348,Wisconsin,Wis.,United States
First National Bank of Davis,Davis,OK,4077,The Pauls Valley National Bank,2011-03-11,10349,Oklahoma,Okla.,United States
Valley Community Bank,St. Charles,IL,34187,First State Bank,2011-02-25,10347,Illinois,Ill.,United States
"San Luis Trust Bank, FSB",San Luis Obispo,CA,34783,First California Bank,2011-02-18,10346,California,Calif.,United States
Charter Oak Bank,Napa,CA,57855,Bank of Marin,2011-02-18,10343,California,Calif.,United States
Citizens Bank of Effingham,Springfield,GA,34601,Heritage Bank of the South,2011-02-18,10344,Georgia,Ga.,United States
Habersham Bank,Clarkesville,GA,151,SCBT National Association,2011-02-18,10345,Georgia,Ga.,United States
Canyon National Bank,Palm Springs,CA,34692,Pacific Premier Bank,2011-02-11,10340,California,Calif.,United States
Badger State Bank,Cassville,WI,13272,Royal Bank,2011-02-11,10339,Wisconsin,Wis.,United States
Peoples State Bank,Hamtramck,MI,14939,First Michigan Bank,2011-02-11,10341,Michigan,Mich.,United States
Sunshine State Community Bank,Port Orange,FL,35478,"Premier American Bank, N.A.",2011-02-11,10342,Florida,Fla.,United States
Community First Bank Chicago,Chicago,IL,57948,Northbrook Bank & Trust Company,2011-02-04,10337,Illinois,Ill.,United States
North Georgia Bank,Watkinsville,GA,35242,BankSouth,2011-02-04,10338,Georgia,Ga.,United States
American Trust Bank,Roswell,GA,57432,Renasant Bank,2011-02-04,10336,Georgia,Ga.,United States
First Community Bank,Taos,NM,12261,"U.S. Bank, N.A.",2011-01-28,10333,New Mexico,N.M.,United States
FirsTier Bank,Louisville,CO,57646,No Acquirer,2011-01-28,10334,Colorado,Colo.,United States
Evergreen State Bank,Stoughton,WI,5328,McFarland State Bank,2011-01-28,10332,Wisconsin,Wis.,United States
The First State Bank,Camargo,OK,2303,Bank 7,2011-01-28,10335,Oklahoma,Okla.,United States
United Western Bank,Denver,CO,31293,First-Citizens Bank & Trust Company,2011-01-21,10331,Colorado,Colo.,United States
The Bank of Asheville,Asheville,NC,34516,First Bank,2011-01-21,10330,North Carolina,N.C.,United States
CommunitySouth Bank & Trust,Easley,SC,57868,"CertusBank, National Association",2011-01-21,10328,South Carolina,S.C.,United States
Enterprise Banking Company,McDonough,GA,19758,No Acquirer,2011-01-21,10329,Georgia,Ga.,United States
Oglethorpe Bank,Brunswick,GA,57440,Bank of the Ozarks,2011-01-14,10327,Georgia,Ga.,United States
Legacy Bank,Scottsdale,AZ,57820,Enterprise Bank & Trust,2011-01-07,10326,Arizona,Ariz.,United States
First Commercial Bank of Florida,Orlando,FL,34965,First Southern Bank,2011-01-07,10325,Florida,Fla.,United States
Community National Bank,Lino Lakes,MN,23306,Farmers & Merchants Savings Bank,2010-12-17,10321,Minnesota,Minn.,United States
First Southern Bank,Batesville,AR,58052,Southern Bank,2010-12-17,10322,Arkansas,Ark.,United States
"United Americas Bank, N.A.",Atlanta,GA,35065,State Bank and Trust Company,2010-12-17,10323,Georgia,Ga.,United States
"Appalachian Community Bank, FSB",McCaysville,GA,58495,Peoples Bank of East Tennessee,2010-12-17,10319,Georgia,Ga.,United States
Chestatee State Bank,Dawsonville,GA,34578,Bank of the Ozarks,2010-12-17,10320,Georgia,Ga.,United States
"The Bank of Miami,N.A.",Coral Gables,FL,19040,1st United Bank,2010-12-17,10324,Florida,Fla.,United States
Earthstar Bank,Southampton,PA,35561,Polonia Bank,2010-12-10,10317,Pennsylvania,Pa.,United States
Paramount Bank,Farmington Hills,MI,34673,Level One Bank,2010-12-10,10318,Michigan,Mich.,United States
First Banking Center,Burlington,WI,5287,First Michigan Bank,2010-11-19,10315,Wisconsin,Wis.,United States
Allegiance Bank of North America,Bala Cynwyd,PA,35078,VIST Bank,2010-11-19,10314,Pennsylvania,Pa.,United States
Gulf State Community Bank,Carrabelle,FL,20340,Centennial Bank,2010-11-19,10316,Florida,Fla.,United States
Copper Star Bank,Scottsdale,AZ,35463,"Stearns Bank, N.A.",2010-11-12,10311,Arizona,Ariz.,United States
Darby Bank & Trust Co.,Vidalia,GA,14580,Ameris Bank,2010-11-12,10312,Georgia,Ga.,United States
Tifton Banking Company,Tifton,GA,57831,Ameris Bank,2010-11-12,10313,Georgia,Ga.,United States
First Vietnamese American Bank,Westminster,CA,57885,Grandpoint Bank,2010-11-05,10307,California,Calif.,United States
Pierce Commercial Bank,Tacoma,WA,34411,Heritage Bank,2010-11-05,10309,Washington,Wash.,United States
Western Commercial Bank,Woodland Hills,CA,58087,First California Bank,2010-11-05,10310,California,Calif.,United States
K Bank,Randallstown,MD,31263,Manufacturers and Traders Trust Company (M&T Bank),2010-11-05,10308,Maryland,Md.,United States
"First Arizona Savings, A FSB",Scottsdale,AZ,32582,No Acquirer,2010-10-22,10306,Arizona,Ariz.,United States
Hillcrest Bank,Overland Park,KS,22173,"Hillcrest Bank, N.A.",2010-10-22,10302,Kansas,Kan.,United States
First Suburban National Bank,Maywood,IL,16089,Seaway Bank and Trust Company,2010-10-22,10301,Illinois,Ill.,United States
The First National Bank of Barnesville,Barnesville,GA,2119,United Bank,2010-10-22,10304,Georgia,Ga.,United States
The Gordon Bank,Gordon,GA,33904,Morris Bank,2010-10-22,10305,Georgia,Ga.,United States
Progress Bank of Florida,Tampa,FL,32251,Bay Cities Bank,2010-10-22,10303,Florida,Fla.,United States
First Bank of Jacksonville,Jacksonville,FL,27573,Ameris Bank,2010-10-22,10300,Florida,Fla.,United States
Premier Bank,Jefferson City,MO,34016,Providence Bank,2010-10-15,10297,Missouri,Mo.,United States
WestBridge Bank and Trust Company,Chesterfield,MO,58205,Midland States Bank,2010-10-15,10299,Missouri,Mo.,United States
"Security Savings Bank, F.S.B.",Olathe,KS,30898,Simmons First National Bank,2010-10-15,10298,Kansas,Kan.,United States
Shoreline Bank,Shoreline,WA,35250,GBC International Bank,2010-10-01,10295,Washington,Wash.,United States
Wakulla Bank,Crawfordville,FL,21777,Centennial Bank,2010-10-01,10296,Florida,Fla.,United States
North County Bank,Arlington,WA,35053,Whidbey Island Bank,2010-09-24,10294,Washington,Wash.,United States
Haven Trust Bank Florida,Ponte Vedra Beach,FL,58308,First Southern Bank,2010-09-24,10293,Florida,Fla.,United States
Maritime Savings Bank,West Allis,WI,28612,"North Shore Bank, FSB",2010-09-17,10291,Wisconsin,Wis.,United States
Bramble Savings Bank,Milford,OH,27808,Foundation Bank,2010-09-17,10288,Ohio,Ohio,United States
The Peoples Bank,Winder,GA,182,Community & Southern Bank,2010-09-17,10292,Georgia,Ga.,United States
First Commerce Community Bank,Douglasville,GA,57448,Community & Southern Bank,2010-09-17,10289,Georgia,Ga.,United States
Bank of Ellijay,Ellijay,GA,58197,Community & Southern Bank,2010-09-17,10287,Georgia,Ga.,United States
ISN Bank,Cherry Hill,NJ,57107,Customers Bank,2010-09-17,10290,New Jersey,N.J.,United States
Horizon Bank,Bradenton,FL,35061,Bank of the Ozarks,2010-09-10,10286,Florida,Fla.,United States
Sonoma Valley Bank,Sonoma,CA,27259,Westamerica Bank,2010-08-20,10285,California,Calif.,United States
Los Padres Bank,Solvang,CA,32165,Pacific Western Bank,2010-08-20,10282,California,Calif.,United States
Butte Community Bank,Chico,CA,33219,"Rabobank, N.A.",2010-08-20,10278,California,Calif.,United States
Pacific State Bank,Stockton,CA,27090,"Rabobank, N.A.",2010-08-20,10283,California,Calif.,United States
ShoreBank,Chicago,IL,15640,Urban Partnership Bank,2010-08-20,10284,Illinois,Ill.,United States
Imperial Savings and Loan Association,Martinsville,VA,31623,"River Community Bank, N.A.",2010-08-20,10280,Virginia,Va.,United States
Independent National Bank,Ocala,FL,27344,"CenterState Bank of Florida, N.A.",2010-08-20,10281,Florida,Fla.,United States
Community National Bank at Bartow,Bartow,FL,25266,"CenterState Bank of Florida, N.A.",2010-08-20,10279,Florida,Fla.,United States
Palos Bank and Trust Company,Palos Heights,IL,17599,First Midwest Bank,2010-08-13,10277,Illinois,Ill.,United States
Ravenswood Bank,Chicago,IL,34231,Northbrook Bank & Trust Company,2010-08-06,10276,Illinois,Ill.,United States
LibertyBank,Eugene,OR,31964,Home Federal Bank,2010-07-30,10273,Oregon,Ore.,United States
The Cowlitz Bank,Longview,WA,22643,Heritage Bank,2010-07-30,10275,Washington,Wash.,United States
Coastal Community Bank,Panama City Beach,FL,9619,Centennial Bank,2010-07-30,10272,Florida,Fla.,United States
Bayside Savings Bank,Port Saint Joe,FL,57669,Centennial Bank,2010-07-30,10271,Florida,Fla.,United States
Northwest Bank & Trust,Acworth,GA,57658,State Bank and Trust Company,2010-07-30,10274,Georgia,Ga.,United States
Home Valley Bank,Cave Junction,OR,23181,South Valley Bank & Trust,2010-07-23,10266,Oregon,Ore.,United States
SouthwestUSA Bank,Las Vegas,NV,35434,Plaza Bank,2010-07-23,10267,Nevada,Nev.,United States
Community Security Bank,New Prague,MN,34486,Roundbank,2010-07-23,10264,Minnesota,Minn.,United States
Thunder Bank,Sylvan Grove,KS,10506,The Bennington State Bank,2010-07-23,10269,Kansas,Kan.,United States
Williamsburg First National Bank,Kingstree,SC,17837,"First Citizens Bank and Trust Company, Inc.",2010-07-23,10270,South Carolina,S.C.,United States
Crescent Bank and Trust Company,Jasper,GA,27559,Renasant Bank,2010-07-23,10265,Georgia,Ga.,United States
Sterling Bank,Lantana,FL,32536,IBERIABANK,2010-07-23,10268,Florida,Fla.,United States
"Mainstreet Savings Bank, FSB",Hastings,MI,28136,Commercial Bank,2010-07-16,10258,Michigan,Mich.,United States
Olde Cypress Community Bank,Clewiston,FL,28864,"CenterState Bank of Florida, N.A.",2010-07-16,10260,Florida,Fla.,United States
Turnberry Bank,Aventura,FL,32280,NAFH National Bank,2010-07-16,10261,Florida,Fla.,United States
Metro Bank of Dade County,Miami,FL,25172,NAFH National Bank,2010-07-16,10259,Florida,Fla.,United States
First National Bank of the South,Spartanburg,SC,35383,NAFH National Bank,2010-07-16,10263,South Carolina,S.C.,United States
Woodlands Bank,Bluffton,SC,32571,Bank of the Ozarks,2010-07-16,10262,South Carolina,S.C.,United States
Home National Bank,Blackwell,OK,11636,RCB Bank,2010-07-09,10256,Oklahoma,Okla.,United States
USA Bank,Port Chester,NY,58072,New Century Bank,2010-07-09,10254,New York,N.Y.,United States
Ideal Federal Savings Bank,Baltimore,MD,32456,No Acquirer,2010-07-09,10257,Maryland,Md.,United States
Bay National Bank,Baltimore,MD,35462,"Bay Bank, FSB",2010-07-09,10255,Maryland,Md.,United States
High Desert State Bank,Albuquerque,NM,35279,First American Bank,2010-06-25,10252,New Mexico,N.M.,United States
First National Bank,Savannah,GA,34152,"The Savannah Bank, N.A.",2010-06-25,10251,Georgia,Ga.,United States
Peninsula Bank,Englewood,FL,26563,"Premier American Bank, N.A.",2010-06-25,10253,Florida,Fla.,United States
Nevada Security Bank,Reno,NV,57110,Umpqua Bank,2010-06-18,10250,Nevada,Nev.,United States
Washington First International Bank,Seattle,WA,32955,East West Bank,2010-06-11,10249,Washington,Wash.,United States
TierOne Bank,Lincoln,NE,29341,Great Western Bank,2010-06-04,10248,Nebraska,Neb.,United States
Arcola Homestead Savings Bank,Arcola,IL,31813,No Acquirer,2010-06-04,10246,Illinois,Ill.,United States
First National Bank,Rosedale,MS,15814,The Jefferson Bank,2010-06-04,10247,Mississippi,Miss.,United States
Sun West Bank,Las Vegas,NV,34785,City National Bank,2010-05-28,10245,Nevada,Nev.,United States
"Granite Community Bank, NA",Granite Bay,CA,57315,Tri Counties Bank,2010-05-28,10244,California,Calif.,United States
Bank of Florida - Tampa,Tampa,FL,57814,EverBank,2010-05-28,10243,Florida,Fla.,United States
Bank of Florida - Southwest,Naples,FL,35106,EverBank,2010-05-28,10242,Florida,Fla.,United States
Bank of Florida - Southeast,Fort Lauderdale,FL,57360,EverBank,2010-05-28,10241,Florida,Fla.,United States
Pinehurst Bank,Saint Paul,MN,57735,Coulee Bank,2010-05-21,10240,Minnesota,Minn.,United States
Midwest Bank and Trust Company,Elmwood Park,IL,18117,"FirstMerit Bank, N.A.",2010-05-14,10236,Illinois,Ill.,United States
Southwest Community Bank,Springfield,MO,34255,Simmons First National Bank,2010-05-14,10239,Missouri,Mo.,United States
New Liberty Bank,Plymouth,MI,35586,Bank of Ann Arbor,2010-05-14,10237,Michigan,Mich.,United States
Satilla Community Bank,Saint Marys,GA,35114,Ameris Bank,2010-05-14,10238,Georgia,Ga.,United States
1st Pacific Bank of California,San Diego,CA,35517,City National Bank,2010-05-07,10232,California,Calif.,United States
Towne Bank of Arizona,Mesa,AZ,57697,Commerce Bank of Arizona,2010-05-07,10235,Arizona,Ariz.,United States
Access Bank,Champlin,MN,16476,PrinsBank,2010-05-07,10233,Minnesota,Minn.,United States
The Bank of Bonifay,Bonifay,FL,14246,First Federal Bank of Florida,2010-05-07,10234,Florida,Fla.,United States
Frontier Bank,Everett,WA,22710,"Union Bank, N.A.",2010-04-30,10228,Washington,Wash.,United States
BC National Banks,Butler,MO,17792,Community First Bank,2010-04-30,10225,Missouri,Mo.,United States
Champion Bank,Creve Coeur,MO,58362,BankLiberty,2010-04-30,10227,Missouri,Mo.,United States
CF Bancorp,Port Huron,MI,30005,First Michigan Bank,2010-04-30,10226,Michigan,Mich.,United States
Westernbank Puerto Rico,Mayaguez,PR,31027,Banco Popular de Puerto Rico,2010-04-30,10231,Puerto Rico,P.R.,United States
R-G Premier Bank of Puerto Rico,Hato Rey,PR,32185,Scotiabank de Puerto Rico,2010-04-30,10230,Puerto Rico,P.R.,United States
Eurobank,San Juan,PR,27150,Oriental Bank and Trust,2010-04-30,10229,Puerto Rico,P.R.,United States
Wheatland Bank,Naperville,IL,58429,Wheaton Bank & Trust,2010-04-23,10224,Illinois,Ill.,United States
Peotone Bank and Trust Company,Peotone,IL,10888,First Midwest Bank,2010-04-23,10223,Illinois,Ill.,United States
Lincoln Park Savings Bank,Chicago,IL,30600,Northbrook Bank & Trust Company,2010-04-23,10221,Illinois,Ill.,United States
New Century Bank,Chicago,IL,34821,"MB Financial Bank, N.A.",2010-04-23,10222,Illinois,Ill.,United States
Citizens Bank and Trust Company of Chicago,Chicago,IL,34658,Republic Bank of Chicago,2010-04-23,10220,Illinois,Ill.,United States
Broadway Bank,Chicago,IL,22853,"MB Financial Bank, N.A.",2010-04-23,10219,Illinois,Ill.,United States
"Amcore Bank, National Association",Rockford,IL,3735,Harris N.A.,2010-04-23,10218,Illinois,Ill.,United States
City Bank,Lynnwood,WA,21521,Whidbey Island Bank,2010-04-16,10212,Washington,Wash.,United States
Tamalpais Bank,San Rafael,CA,33493,"Union Bank, N.A.",2010-04-16,10217,California,Calif.,United States
Innovative Bank,Oakland,CA,23876,Center Bank,2010-04-16,10214,California,Calif.,United States
Butler Bank,Lowell,MA,26619,People's United Bank,2010-04-16,10211,Massachusetts,Mass.,United States
Riverside National Bank of Florida,Fort Pierce,FL,24067,"TD Bank, N.A.",2010-04-16,10216,Florida,Fla.,United States
AmericanFirst Bank,Clermont,FL,57724,"TD Bank, N.A.",2010-04-16,10210,Florida,Fla.,United States
First Federal Bank of North Florida,Palatka,FL,28886,"TD Bank, N.A.",2010-04-16,10213,Florida,Fla.,United States
Lakeside Community Bank,Sterling Heights,MI,34878,No Acquirer,2010-04-16,10215,Michigan,Mich.,United States
Beach First National Bank,Myrtle Beach,SC,34242,Bank of North Carolina,2010-04-09,10209,South Carolina,S.C.,United States
Desert Hills Bank,Phoenix,AZ,57060,New York Community Bank,2010-03-26,10205,Arizona,Ariz.,United States
Unity National Bank,Cartersville,GA,34678,Bank of the Ozarks,2010-03-26,10208,Georgia,Ga.,United States
Key West Bank,Key West,FL,34684,Centennial Bank,2010-03-26,10206,Florida,Fla.,United States
McIntosh Commercial Bank,Carrollton,GA,57399,CharterBank,2010-03-26,10207,Georgia,Ga.,United States
State Bank of Aurora,Aurora,MN,8221,Northern State Bank,2010-03-19,10203,Minnesota,Minn.,United States
First Lowndes Bank,Fort Deposit,AL,24957,First Citizens Bank,2010-03-19,10204,Alabama,Ala.,United States
Bank of Hiawassee,Hiawassee,GA,10054,Citizens South Bank,2010-03-19,10202,Georgia,Ga.,United States
Appalachian Community Bank,Ellijay,GA,33989,Community & Southern Bank,2010-03-19,10199,Georgia,Ga.,United States
Advanta Bank Corp.,Draper,UT,33535,No Acquirer,2010-03-19,10200,Utah,Utah,United States
Century Security Bank,Duluth,GA,58104,Bank of Upson,2010-03-19,10198,Georgia,Ga.,United States
American National Bank,Parma,OH,18806,The National Bank and Trust Company,2010-03-19,10201,Ohio,Ohio,United States
Statewide Bank,Covington,LA,29561,Home Bank,2010-03-12,10196,Louisiana,La.,United States
Old Southern Bank,Orlando,FL,58182,Centennial Bank,2010-03-12,10197,Florida,Fla.,United States
The Park Avenue Bank,New York,NY,27096,Valley National Bank,2010-03-12,10195,New York,N.Y.,United States
LibertyPointe Bank,New York,NY,58071,Valley National Bank,2010-03-11,10194,New York,N.Y.,United States
Centennial Bank,Ogden,UT,34430,No Acquirer,2010-03-05,10193,Utah,Utah,United States
Waterfield Bank,Germantown,MD,34976,No Acquirer,2010-03-05,10190,Maryland,Md.,United States
Bank of Illinois,Normal,IL,9268,Heartland Bank and Trust Company,2010-03-05,10191,Illinois,Ill.,United States
Sun American Bank,Boca Raton,FL,27126,First-Citizens Bank & Trust Company,2010-03-05,10192,Florida,Fla.,United States
Rainier Pacific Bank,Tacoma,WA,38129,Umpqua Bank,2010-02-26,10189,Washington,Wash.,United States
Carson River Community Bank,Carson City,NV,58352,Heritage Bank of Nevada,2010-02-26,10188,Nevada,Nev.,United States
"La Jolla Bank, FSB",La Jolla,CA,32423,"OneWest Bank, FSB",2010-02-19,10185,California,Calif.,United States
George Washington Savings Bank,Orland Park,IL,29952,"FirstMerit Bank, N.A.",2010-02-19,10184,Illinois,Ill.,United States
The La Coste National Bank,La Coste,TX,3287,Community National Bank,2010-02-19,10186,Texas,Texas,United States
Marco Community Bank,Marco Island,FL,57586,Mutual of Omaha Bank,2010-02-19,10187,Florida,Fla.,United States
1st American State Bank of Minnesota,Hancock,MN,15448,"Community Development Bank, FSB",2010-02-05,10183,Minnesota,Minn.,United States
American Marine Bank,Bainbridge Island,WA,16730,Columbia State Bank,2010-01-29,10178,Washington,Wash.,United States
First Regional Bank,Los Angeles,CA,23011,First-Citizens Bank & Trust Company,2010-01-29,10177,California,Calif.,United States
Community Bank and Trust,Cornelia,GA,5702,SCBT National Association,2010-01-29,10180,Georgia,Ga.,United States
"Marshall Bank, N.A.",Hallock,MN,16133,United Valley Bank,2010-01-29,10182,Minnesota,Minn.,United States
Florida Community Bank,Immokalee,FL,5672,"Premier American Bank, N.A.",2010-01-29,10181,Florida,Fla.,United States
First National Bank of Georgia,Carrollton,GA,16480,Community & Southern Bank,2010-01-29,10179,Georgia,Ga.,United States
Columbia River Bank,The Dalles,OR,22469,Columbia State Bank,2010-01-22,10176,Oregon,Ore.,United States
Evergreen Bank,Seattle,WA,20501,Umpqua Bank,2010-01-22,10172,Washington,Wash.,United States
Charter Bank,Santa Fe,NM,32498,Charter Bank,2010-01-22,10175,New Mexico,N.M.,United States
Bank of Leeton,Leeton,MO,8265,"Sunflower Bank, N.A.",2010-01-22,10174,Missouri,Mo.,United States
Premier American Bank,Miami,FL,57147,"Premier American Bank, N.A.",2010-01-22,10173,Florida,Fla.,United States
Barnes Banking Company,Kaysville,UT,1252,No Acquirer,2010-01-15,10171,Utah,Utah,United States
St. Stephen State Bank,St. Stephen,MN,17522,First State Bank of St. Joseph,2010-01-15,10169,Minnesota,Minn.,United States
Town Community Bank & Trust,Antioch,IL,34705,First American Bank,2010-01-15,10170,Illinois,Ill.,United States
Horizon Bank,Bellingham,WA,22977,Washington Federal Savings and Loan Association,2010-01-08,10168,Washington,Wash.,United States
"First Federal Bank of California, F.S.B.",Santa Monica,CA,28536,"OneWest Bank, FSB",2009-12-18,10167,California,Calif.,United States
Imperial Capital Bank,La Jolla,CA,26348,City National Bank,2009-12-18,10161,California,Calif.,United States
Independent Bankers' Bank,Springfield,IL,26820,The Independent BankersBank (TIB),2009-12-18,10166,Illinois,Ill.,United States
New South Federal Savings Bank,Irondale,AL,32276,Beal Bank,2009-12-18,10163,Alabama,Ala.,United States
Citizens State Bank,New Baltimore,MI,1006,No Acquirer,2009-12-18,10162,Michigan,Mich.,United States
Peoples First Community Bank,Panama City,FL,32167,Hancock Bank,2009-12-18,10165,Florida,Fla.,United States
RockBridge Commercial Bank,Atlanta,GA,58315,No Acquirer,2009-12-18,10164,Georgia,Ga.,United States
SolutionsBank,Overland Park,KS,4731,Arvest Bank,2009-12-11,10160,Kansas,Kan.,United States
"Valley Capital Bank, N.A.",Mesa,AZ,58399,Enterprise Bank & Trust,2009-12-11,10159,Arizona,Ariz.,United States
"Republic Federal Bank, N.A.",Miami,FL,22846,1st United Bank,2009-12-11,10158,Florida,Fla.,United States
Greater Atlantic Bank,Reston,VA,32583,Sonabank,2009-12-04,10156,Virginia,Va.,United States
Benchmark Bank,Aurora,IL,10440,"MB Financial Bank, N.A.",2009-12-04,10154,Illinois,Ill.,United States
AmTrust Bank,Cleveland,OH,29776,New York Community Bank,2009-12-04,10155,Ohio,Ohio,United States
The Tattnall Bank,Reidsville,GA,12080,Heritage Bank of the South,2009-12-04,10153,Georgia,Ga.,United States
First Security National Bank,Norcross,GA,26290,State Bank and Trust Company,2009-12-04,10157,Georgia,Ga.,United States
The Buckhead Community Bank,Atlanta,GA,34663,State Bank and Trust Company,2009-12-04,10152,Georgia,Ga.,United States
Commerce Bank of Southwest Florida,Fort Myers,FL,58016,Central Bank,2009-11-20,10151,Florida,Fla.,United States
Pacific Coast National Bank,San Clemente,CA,57914,Sunwest Bank,2009-11-13,10150,California,Calif.,United States
Orion Bank,Naples,FL,22427,IBERIABANK,2009-11-13,10149,Florida,Fla.,United States
"Century Bank, F.S.B.",Sarasota,FL,32267,IBERIABANK,2009-11-13,10148,Florida,Fla.,United States
United Commercial Bank,San Francisco,CA,32469,East West Bank,2009-11-06,10147,California,Calif.,United States
Gateway Bank of St. Louis,St. Louis,MO,19450,Central Bank of Kansas City,2009-11-06,10146,Missouri,Mo.,United States
Prosperan Bank,Oakdale,MN,35074,"Alerus Financial, N.A.",2009-11-06,10143,Minnesota,Minn.,United States
Home Federal Savings Bank,Detroit,MI,30329,Liberty Bank and Trust Company,2009-11-06,10144,Michigan,Mich.,United States
United Security Bank,Sparta,GA,22286,Ameris Bank,2009-11-06,10145,Georgia,Ga.,United States
North Houston Bank,Houston,TX,18776,U.S. Bank N.A.,2009-10-30,10138,Texas,Texas,United States
Madisonville State Bank,Madisonville,TX,33782,U.S. Bank N.A.,2009-10-30,10142,Texas,Texas,United States
Citizens National Bank,Teague,TX,25222,U.S. Bank N.A.,2009-10-30,10141,Texas,Texas,United States
Park National Bank,Chicago,IL,11677,U.S. Bank N.A.,2009-10-30,10140,Illinois,Ill.,United States
Pacific National Bank,San Francisco,CA,30006,U.S. Bank N.A.,2009-10-30,10139,California,Calif.,United States
California National Bank,Los Angeles,CA,34659,U.S. Bank N.A.,2009-10-30,10134,California,Calif.,United States
San Diego National Bank,San Diego,CA,23594,U.S. Bank N.A.,2009-10-30,10135,California,Calif.,United States
Community Bank of Lemont,Lemont,IL,35291,U.S. Bank N.A.,2009-10-30,10137,Illinois,Ill.,United States
"Bank USA, N.A.",Phoenix,AZ,32218,U.S. Bank N.A.,2009-10-30,10136,Arizona,Ariz.,United States
First DuPage Bank,Westmont,IL,35038,First Midwest Bank,2009-10-23,10128,Illinois,Ill.,United States
Riverview Community Bank,Otsego,MN,57525,Central Bank,2009-10-23,10133,Minnesota,Minn.,United States
Bank of Elmwood,Racine,WI,18321,Tri City National Bank,2009-10-23,10132,Wisconsin,Wis.,United States
Flagship National Bank,Bradenton,FL,35044,First Federal Bank of Florida,2009-10-23,10129,Florida,Fla.,United States
Hillcrest Bank Florida,Naples,FL,58336,Stonegate Bank,2009-10-23,10131,Florida,Fla.,United States
American United Bank,Lawrenceville,GA,57794,Ameris Bank,2009-10-23,10127,Georgia,Ga.,United States
Partners Bank,Naples,FL,57959,Stonegate Bank,2009-10-23,10130,Florida,Fla.,United States
San Joaquin Bank,Bakersfield,CA,23266,Citizens Business Bank,2009-10-16,10126,California,Calif.,United States
Southern Colorado National Bank,Pueblo,CO,57263,Legacy Bank,2009-10-02,10123,Colorado,Colo.,United States
Jennings State Bank,Spring Grove,MN,11416,Central Bank,2009-10-02,10124,Minnesota,Minn.,United States
Warren Bank,Warren,MI,34824,The Huntington National Bank,2009-10-02,10125,Michigan,Mich.,United States
Georgian Bank,Atlanta,GA,57151,"First Citizens Bank and Trust Company, Inc.",2009-09-25,10122,Georgia,Ga.,United States
"Irwin Union Bank, F.S.B.",Louisville,KY,57068,"First Financial Bank, N.A.",2009-09-18,10121,Kentucky,Ky.,United States
Irwin Union Bank and Trust Company,Columbus,IN,10100,"First Financial Bank, N.A.",2009-09-18,10120,Indiana,Ind.,United States
Venture Bank,Lacey,WA,22868,First-Citizens Bank & Trust Company,2009-09-11,10119,Washington,Wash.,United States
Brickwell Community Bank,Woodbury,MN,57736,CorTrust Bank N.A.,2009-09-11,10118,Minnesota,Minn.,United States
"Corus Bank, N.A.",Chicago,IL,13693,"MB Financial Bank, N.A.",2009-09-11,10117,Illinois,Ill.,United States
First State Bank,Flagstaff,AZ,34875,Sunwest Bank,2009-09-04,10114,Arizona,Ariz.,United States
Platinum Community Bank,Rolling Meadows,IL,35030,No Acquirer,2009-09-04,10115,Illinois,Ill.,United States
Vantus Bank,Sioux City,IA,27732,Great Southern Bank,2009-09-04,10116,Iowa,Iowa,United States
InBank,Oak Forest,IL,20203,"MB Financial Bank, N.A.",2009-09-04,10113,Illinois,Ill.,United States
First Bank of Kansas City,Kansas City,MO,25231,Great American Bank,2009-09-04,10112,Missouri,Mo.,United States
Affinity Bank,Ventura,CA,27197,Pacific Western Bank,2009-08-28,10110,California,Calif.,United States
Mainstreet Bank,Forest Lake,MN,1909,Central Bank,2009-08-28,10111,Minnesota,Minn.,United States
Bradford Bank,Baltimore,MD,28312,Manufacturers and Traders Trust Company (M&T Bank),2009-08-28,10109,Maryland,Md.,United States
Guaranty Bank,Austin,TX,32618,BBVA Compass,2009-08-21,10105,Texas,Texas,United States
CapitalSouth Bank,Birmingham,AL,22130,IBERIABANK,2009-08-21,10106,Alabama,Ala.,United States
First Coweta Bank,Newnan,GA,57702,United Bank,2009-08-21,10108,Georgia,Ga.,United States
ebank,Atlanta,GA,34682,"Stearns Bank, N.A.",2009-08-21,10107,Georgia,Ga.,United States
Community Bank of Nevada,Las Vegas,NV,34043,No Acquirer,2009-08-14,10100,Nevada,Nev.,United States
Community Bank of Arizona,Phoenix,AZ,57645,MidFirst Bank,2009-08-14,10101,Arizona,Ariz.,United States
"Union Bank, National Association",Gilbert,AZ,34485,MidFirst Bank,2009-08-14,10102,Arizona,Ariz.,United States
Colonial Bank,Montgomery,AL,9609,"Branch Banking & Trust Company, (BB&T)",2009-08-14,10103,Alabama,Ala.,United States
Dwelling House Savings and Loan Association,Pittsburgh,PA,31559,"PNC Bank, N.A.",2009-08-14,10104,Pennsylvania,Pa.,United States
Community First Bank,Prineville,OR,23268,Home Federal Bank,2009-08-07,10092,Oregon,Ore.,United States
Community National Bank of Sarasota County,Venice,FL,27183,"Stearns Bank, N.A.",2009-08-07,10099,Florida,Fla.,United States
First State Bank,Sarasota,FL,27364,"Stearns Bank, N.A.",2009-08-07,10098,Florida,Fla.,United States
Mutual Bank,Harvey,IL,18659,United Central Bank,2009-07-31,10094,Illinois,Ill.,United States
First BankAmericano,Elizabeth,NJ,34270,Crown Bank,2009-07-31,10097,New Jersey,N.J.,United States
Peoples Community Bank,West Chester,OH,32288,"First Financial Bank, N.A.",2009-07-31,10096,Ohio,Ohio,United States
Integrity Bank,Jupiter,FL,57604,Stonegate Bank,2009-07-31,10095,Florida,Fla.,United States
First State Bank of Altus,Altus,OK,9873,Herring Bank,2009-07-31,10093,Oklahoma,Okla.,United States
Security Bank of Jones County,Gray,GA,8486,State Bank and Trust Company,2009-07-24,10088,Georgia,Ga.,United States
Security Bank of Houston County,Perry,GA,27048,State Bank and Trust Company,2009-07-24,10087,Georgia,Ga.,United States
Security Bank of Bibb County,Macon,GA,27367,State Bank and Trust Company,2009-07-24,10085,Georgia,Ga.,United States
Security Bank of North Metro,Woodstock,GA,57105,State Bank and Trust Company,2009-07-24,10090,Georgia,Ga.,United States
Security Bank of North Fulton,Alpharetta,GA,57430,State Bank and Trust Company,2009-07-24,10089,Georgia,Ga.,United States
Security Bank of Gwinnett County,Suwanee,GA,57346,State Bank and Trust Company,2009-07-24,10086,Georgia,Ga.,United States
Waterford Village Bank,Williamsville,NY,58065,"Evans Bank, N.A.",2009-07-24,10091,New York,N.Y.,United States
Temecula Valley Bank,Temecula,CA,34341,First-Citizens Bank & Trust Company,2009-07-17,10082,California,Calif.,United States
Vineyard Bank,Rancho Cucamonga,CA,23556,California Bank & Trust,2009-07-17,10083,California,Calif.,United States
BankFirst,Sioux Falls,SD,34103,"Alerus Financial, N.A.",2009-07-17,10081,South Dakota,S.D.,United States
First Piedmont Bank,Winder,GA,34594,First American Bank and Trust Company,2009-07-17,10084,Georgia,Ga.,United States
Bank of Wyoming,Thermopolis,WY,22754,Central Bank & Trust,2009-07-10,10080,Wyoming,Wyo.,United States
Founders Bank,Worth,IL,18390,The PrivateBank and Trust Company,2009-07-02,10074,Illinois,Ill.,United States
Millennium State Bank of Texas,Dallas,TX,57667,State Bank of Texas,2009-07-02,10079,Texas,Texas,United States
First National Bank of Danville,Danville,IL,3644,"First Financial Bank, N.A.",2009-07-02,10078,Illinois,Ill.,United States
The Elizabeth State Bank,Elizabeth,IL,9262,Galena State Bank and Trust Company,2009-07-02,10073,Illinois,Ill.,United States
Rock River Bank,Oregon,IL,15302,The Harvard State Bank,2009-07-02,10075,Illinois,Ill.,United States
First State Bank of Winchester,Winchester,IL,11710,The First National Bank of Beardstown,2009-07-02,10077,Illinois,Ill.,United States
John Warner Bank,Clinton,IL,12093,State Bank of Lincoln,2009-07-02,10076,Illinois,Ill.,United States
Mirae Bank,Los Angeles,CA,57332,Wilshire State Bank,2009-06-26,10072,California,Calif.,United States
MetroPacific Bank,Irvine,CA,57893,Sunwest Bank,2009-06-26,10071,California,Calif.,United States
Horizon Bank,Pine City,MN,9744,"Stearns Bank, N.A.",2009-06-26,10070,Minnesota,Minn.,United States
Neighborhood Community Bank,Newnan,GA,35285,CharterBank,2009-06-26,10069,Georgia,Ga.,United States
Community Bank of West Georgia,Villa Rica,GA,57436,No Acquirer,2009-06-26,10068,Georgia,Ga.,United States
First National Bank of Anthony,Anthony,KS,4614,Bank of Kansas,2009-06-19,10066,Kansas,Kan.,United States
Cooperative Bank,Wilmington,NC,27837,First Bank,2009-06-19,10065,North Carolina,N.C.,United States
Southern Community Bank,Fayetteville,GA,35251,United Community Bank,2009-06-19,10067,Georgia,Ga.,United States
Bank of Lincolnwood,Lincolnwood,IL,17309,Republic Bank of Chicago,2009-06-05,10064,Illinois,Ill.,United States
Citizens National Bank,Macomb,IL,5757,Morton Community Bank,2009-05-22,10063,Illinois,Ill.,United States
Strategic Capital Bank,Champaign,IL,35175,Midland States Bank,2009-05-22,10062,Illinois,Ill.,United States
"BankUnited, FSB",Coral Gables,FL,32247,BankUnited,2009-05-21,10061,Florida,Fla.,United States
Westsound Bank,Bremerton,WA,34843,Kitsap Bank,2009-05-08,10060,Washington,Wash.,United States
America West Bank,Layton,UT,35461,Cache Valley Bank,2009-05-01,10057,Utah,Utah,United States
Citizens Community Bank,Ridgewood,NJ,57563,North Jersey Community Bank,2009-05-01,10058,New Jersey,N.J.,United States
"Silverton Bank, NA",Atlanta,GA,26535,No Acquirer,2009-05-01,10059,Georgia,Ga.,United States
First Bank of Idaho,Ketchum,ID,34396,"U.S. Bank, N.A.",2009-04-24,10055,Idaho,Idaho,United States
First Bank of Beverly Hills,Calabasas,CA,32069,No Acquirer,2009-04-24,10054,California,Calif.,United States
Michigan Heritage Bank,Farmington Hills,MI,34369,Level One Bank,2009-04-24,10056,Michigan,Mich.,United States
American Southern Bank,Kennesaw,GA,57943,Bank of North Georgia,2009-04-24,10053,Georgia,Ga.,United States
Great Basin Bank of Nevada,Elko,NV,33824,Nevada State Bank,2009-04-17,10051,Nevada,Nev.,United States
American Sterling Bank,Sugar Creek,MO,8266,Metcalf Bank,2009-04-17,10052,Missouri,Mo.,United States
New Frontier Bank,Greeley,CO,34881,No Acquirer,2009-04-10,10050,Colorado,Colo.,United States
Cape Fear Bank,Wilmington,NC,34639,First Federal Savings and Loan Association,2009-04-10,10049,North Carolina,N.C.,United States
Omni National Bank,Atlanta,GA,22238,No Acquirer,2009-03-27,10048,Georgia,Ga.,United States
"TeamBank, NA",Paola,KS,4754,Great Southern Bank,2009-03-20,10046,Kansas,Kan.,United States
Colorado National Bank,Colorado Springs,CO,18896,Herring Bank,2009-03-20,10045,Colorado,Colo.,United States
FirstCity Bank,Stockbridge,GA,18243,No Acquirer,2009-03-20,10047,Georgia,Ga.,United States
Freedom Bank of Georgia,Commerce,GA,57558,Northeast Georgia Bank,2009-03-06,10044,Georgia,Ga.,United States
Security Savings Bank,Henderson,NV,34820,Bank of Nevada,2009-02-27,10043,Nevada,Nev.,United States
Heritage Community Bank,Glenwood,IL,20078,"MB Financial Bank, N.A.",2009-02-27,10042,Illinois,Ill.,United States
Silver Falls Bank,Silverton,OR,35399,Citizens Bank,2009-02-20,10041,Oregon,Ore.,United States
Pinnacle Bank of Oregon,Beaverton,OR,57342,Washington Trust Bank of Spokane,2009-02-13,10040,Oregon,Ore.,United States
Corn Belt Bank & Trust Co.,Pittsfield,IL,16500,The Carlinville National Bank,2009-02-13,10037,Illinois,Ill.,United States
Riverside Bank of the Gulf Coast,Cape Coral,FL,34563,TIB Bank,2009-02-13,10038,Florida,Fla.,United States
Sherman County Bank,Loup City,NE,5431,Heritage Bank,2009-02-13,10039,Nebraska,Neb.,United States
County Bank,Merced,CA,22574,Westamerica Bank,2009-02-06,10034,California,Calif.,United States
Alliance Bank,Culver City,CA,23124,California Bank & Trust,2009-02-06,10035,California,Calif.,United States
FirstBank Financial Services,McDonough,GA,57017,Regions Bank,2009-02-06,10036,Georgia,Ga.,United States
Ocala National Bank,Ocala,FL,26538,"CenterState Bank of Florida, N.A.",2009-01-30,10032,Florida,Fla.,United States
Suburban FSB,Crofton,MD,30763,Bank of Essex,2009-01-30,10033,Maryland,Md.,United States
MagnetBank,Salt Lake City,UT,58001,No Acquirer,2009-01-30,10031,Utah,Utah,United States
1st Centennial Bank,Redlands,CA,33025,First California Bank,2009-01-23,10030,California,Calif.,United States
Bank of Clark County,Vancouver,WA,34959,Umpqua Bank,2009-01-16,10029,Washington,Wash.,United States
National Bank of Commerce,Berkeley,IL,19733,Republic Bank of Chicago,2009-01-16,10028,Illinois,Ill.,United States
Sanderson State Bank,Sanderson,TX,11568,The Pecos County State Bank,2008-12-12,10026,Texas,Texas,United States
Haven Trust Bank,Duluth,GA,35379,"Branch Banking & Trust Company, (BB&T)",2008-12-12,10027,Georgia,Ga.,United States
First Georgia Community Bank,Jackson,GA,34301,United Bank,2008-12-05,10025,Georgia,Ga.,United States
PFF Bank & Trust,Pomona,CA,28344,"U.S. Bank, N.A.",2008-11-21,10024,California,Calif.,United States
Downey Savings & Loan,Newport Beach,CA,30968,"U.S. Bank, N.A.",2008-11-21,10023,California,Calif.,United States
Community Bank,Loganville,GA,16490,Bank of Essex,2008-11-21,10022,Georgia,Ga.,United States
Security Pacific Bank,Los Angeles,CA,23595,Pacific Western Bank,2008-11-07,10020,California,Calif.,United States
"Franklin Bank, SSB",Houston,TX,26870,Prosperity Bank,2008-11-07,10021,Texas,Texas,United States
Freedom Bank,Bradenton,FL,57930,Fifth Third Bank,2008-10-31,10019,Florida,Fla.,United States
Alpha Bank & Trust,Alpharetta,GA,58241,"Stearns Bank, N.A.",2008-10-24,10018,Georgia,Ga.,United States
Meridian Bank,Eldred,IL,13789,National Bank,2008-10-10,10017,Illinois,Ill.,United States
Main Street Bank,Northville,MI,57654,Monroe Bank & Trust,2008-10-10,10016,Michigan,Mich.,United States
Washington Mutual Bank (Including its subsidiary Washington Mutual Bank FSB),Henderson,NV,32633,JP Morgan Chase Bank,2008-09-25,10015,Nevada,Nev.,United States
Ameribank,Northfork,WV,6782,"The Citizens Savings Bank ********** Pioneer Community Bank, Inc.",2008-09-19,10014,West Virginia,W.Va.,United States
Silver State Bank,Henderson,NV,34194,Nevada State Bank,2008-09-05,10013,Nevada,Nev.,United States
Integrity Bank,Alpharetta,GA,35469,Regions Bank,2008-08-29,10012,Georgia,Ga.,United States
Columbian Bank & Trust,Topeka,KS,22728,Citizens Bank & Trust,2008-08-22,10011,Kansas,Kan.,United States
First Priority Bank,Bradenton,FL,57523,SunTrust Bank,2008-08-01,10010,Florida,Fla.,United States
"First Heritage Bank, NA",Newport Beach,CA,57961,Mutual of Omaha Bank,2008-07-25,10009,California,Calif.,United States
First National Bank of Nevada,Reno,NV,27011,Mutual of Omaha Bank,2008-07-25,10008,Nevada,Nev.,United States
IndyMac Bank,Pasadena,CA,29730,"OneWest Bank, FSB",2008-07-11,10007,California,Calif.,United States
"First Integrity Bank, NA",Staples,MN,12736,First International Bank and Trust,2008-05-30,10006,Minnesota,Minn.,United States
"ANB Financial, NA",Bentonville,AR,33901,Pulaski Bank and Trust Company,2008-05-09,10005,Arkansas,Ark.,United States
Hume Bank,Hume,MO,1971,Security Bank,2008-03-07,10004,Missouri,Mo.,United States
Douglass National Bank,Kansas City,MO,24660,Liberty Bank and Trust Company,2008-01-25,10003,Missouri,Mo.,United States
Miami Valley Bank,Lakeview,OH,16848,The Citizens Banking Company,2007-10-04,10002,Ohio,Ohio,United States
NetBank,Alpharetta,GA,32575,ING DIRECT,2007-09-28,10001,Georgia,Ga.,United States
Metropolitan Savings Bank,Pittsburgh,PA,35353,Allegheny Valley Bank of Pittsburgh,2007-02-02,10000,Pennsylvania,Pa.,United States
Bank of Ephraim,Ephraim,UT,1249,Far West Bank,2004-06-25,4665,Utah,Utah,United States
Reliance Bank,White Plains,NY,26778,Union State Bank,2004-03-19,4664,New York,N.Y.,United States
Guaranty National Bank of Tallahassee,Tallahassee,FL,26838,Hancock Bank of Florida,2004-03-12,4663,Florida,Fla.,United States
Dollar Savings Bank,Newark,NJ,31330,No Acquirer,2004-02-14,6006,New Jersey,N.J.,United States
Pulaski Savings Bank,Philadelphia,PA,27203,Earthstar Bank,2003-11-14,4662,Pennsylvania,Pa.,United States
First National Bank of Blanchardville,Blanchardville,WI,11639,The Park Bank,2003-05-09,4661,Wisconsin,Wis.,United States
Southern Pacific Bank,Torrance,CA,27094,Beal Bank,2003-02-07,4660,California,Calif.,United States
Farmers Bank of Cheneyville,Cheneyville,LA,16445,Sabine State Bank & Trust,2002-12-17,4659,Louisiana,La.,United States
Bank of Alamo,Alamo,TN,9961,No Acquirer,2002-11-08,4658,Tennessee,Tenn.,United States
AmTrade International Bank,Atlanta,GA,33784,No Acquirer,2002-09-30,4657,Georgia,Ga.,United States
Universal Federal Savings Bank,Chicago,IL,29355,Chicago Community Bank,2002-06-27,6005,Illinois,Ill.,United States
Connecticut Bank of Commerce,Stamford,CT,19183,Hudson United Bank,2002-06-26,4656,Connecticut,Conn.,United States
New Century Bank,Shelby Township,MI,34979,No Acquirer,2002-03-28,4655,Michigan,Mich.,United States
Net 1st National Bank,Boca Raton,FL,26652,Bank Leumi USA,2002-03-01,4654,Florida,Fla.,United States
"NextBank, NA",Phoenix,AZ,22314,No Acquirer,2002-02-07,4653,Arizona,Ariz.,United States
Oakwood Deposit Bank Co.,Oakwood,OH,8966,The State Bank & Trust Company,2002-02-01,4652,Ohio,Ohio,United States
Bank of Sierra Blanca,Sierra Blanca,TX,22002,The Security State Bank of Pecos,2002-01-18,4651,Texas,Texas,United States
"Hamilton Bank, NA",Miami,FL,24382,Israel Discount Bank of New York,2002-01-11,4650,Florida,Fla.,United States
Sinclair National Bank,Gravette,AR,34248,Delta Trust & Bank,2001-09-07,4649,Arkansas,Ark.,United States
"Superior Bank, FSB",Hinsdale,IL,32646,"Superior Federal, FSB",2001-07-27,6004,Illinois,Ill.,United States
Malta National Bank,Malta,OH,6629,North Valley Bank,2001-05-03,4648,Ohio,Ohio,United States
First Alliance Bank & Trust Co.,Manchester,NH,34264,Southern New Hampshire Bank & Trust,2001-02-02,4647,New Hampshire,N.H.,United States
National State Bank of Metropolis,Metropolis,IL,3815,Banterra Bank of Marion,2000-12-14,4646,Illinois,Ill.,United States
Bank of Honolulu,Honolulu,HI,21029,Bank of the Orient,2000-10-13,4645,Hawaii,Hawaii,United States
